Workbook

Sheet pipeline
A1: test_name | B1: cycles | C1: instructions | D1: cpi | E1: jumps | F1: jpi | G1: jfid_hazards | H1: jfexe_hazards | I1: stalls | J1: ex_raw_hazards | K1: mem_raw_hazards | L1: wb_raw_hazards | M1: no_fwd_hazards | N1: status
A2: pr_bubble_sort | B2: 3858 | C2: 1492 | D2: 2.586 | E2: 119 | F2: 0.08 | G2: 101 | H2: 18 | I2: 2245 | J2: 730 | K2: 972 | L2: 1028 | M2: 945 | N2: PASSED
A3: check | B3: 207 | C3: 111 | D3: 1.865 | E3: 19 | F3: 0.171 | G3: 19 | H3: 0 | I3: 73 | J3: 19 | K3: 25 | L3: 43 | M3: 8 | N3: PASSED
A4: pr_complex_qsort | B4: 88063 | C4: 36528 | D4: 2.411 | E4: 3167 | F4: 0.087 | G4: 2435 | H4: 732 | I4: 48366 | J4: 15539 | K4: 20711 | L4: 23037 | M4: 21150 | N4: PASSED
A5: pr_coremark | B5: 12086061 | C5: 4447341 | D5: 2.718 | E5: 483716 | F5: 0.109 | G5: 438742 | H5: 44974 | I5: 7154972 | J5: 2350773 | K5: 2620457 | L5: 2757937 | M5: 2587504 | N5: PASSED
A6: hazards | B6: 14038 | C6: 6037 | D6: 2.325 | E6: 775 | F6: 0.128 | G6: 775 | H6: 0 | I6: 7224 | J6: 2194 | K6: 2647 | L6: 3161 | M6: 2182 | N6: PASSED
A7: simple | B7: 115 | C7: 48 | D7: 2.396 | E7: 3 | F7: 0.062 | G7: 3 | H7: 0 | I7: 60 | J7: 20 | K7: 27 | L7: 29 | M7: 11 | N7: PASSED
A8: pr_simple_qsort | B8: 5225 | C8: 2215 | D8: 2.359 | E8: 191 | F8: 0.086 | G8: 137 | H8: 54 | I8: 2817 | J8: 897 | K8: 1175 | L8: 1338 | M8: 1168 | N8: PASSED

Sheet forwarding
A1: =pipeline!A1 -> test_name | B1: =pipeline!B1 -> cycles | C1: =pipeline!C1 -> instructions | D1: =pipeline!D1 -> cpi | E1: =pipeline!E1 -> jumps | F1: =pipeline!F1 -> jpi | G1: =pipeline!G1 -> jfid_hazards | H1: =pipeline!H1 -> jfexe_hazards | I1: =pipeline!I1 -> stalls | J1: =pipeline!M1 -> no_fwd_hazards | K1: Jfid cycle lost | L1: Jfexe cycle lost
A2: =pipeline!A2 -> pr_bubble_sort | B2: =pipeline!B2-pipeline!I2+pipeline!M2 -> 2558 | C2: =pipeline!C2 -> 1492 | D2: =B2/C2 -> 1.7144772 | E2: =pipeline!E2 -> 119 | F2: =pipeline!F2 -> 0.08 | G2: =pipeline!G2 -> 101 | H2: =pipeline!H2 -> 18 | I2: =pipeline!I2 -> 2245 | J2: =pipeline!M2 -> 945 | K2: =G2*2 -> 202 | L2: =H2*3 -> 54
A3: =pipeline!A3 -> check | B3: =pipeline!B3-pipeline!I3+pipeline!M3 -> 142 | C3: =pipeline!C3 -> 111 | D3: =B3/C3 -> 1.2792793 | E3: =pipeline!E3 -> 19 | F3: =pipeline!F3 -> 0.171 | G3: =pipeline!G3 -> 19 | H3: =pipeline!H3 -> 0 | I3: =pipeline!I3 -> 73 | J3: =pipeline!M3 -> 8 | K3: =G3*2 -> 38 | L3: =H3*3 -> 0
A4: =pipeline!A4 -> pr_complex_qsort | B4: =pipeline!B4-pipeline!I4+pipeline!M4 -> 60847 | C4: =pipeline!C4 -> 36528 | D4: =B4/C4 -> 1.6657633 | E4: =pipeline!E4 -> 3167 | F4: =pipeline!F4 -> 0.087 | G4: =pipeline!G4 -> 2435 | H4: =pipeline!H4 -> 732 | I4: =pipeline!I4 -> 48366 | J4: =pipeline!M4 -> 21150 | K4: =G4*2 -> 4870 | L4: =H4*3 -> 2196
A5: =pipeline!A5 -> pr_coremark | B5: =pipeline!B5-pipeline!I5+pipeline!M5 -> 7518593 | C5: =pipeline!C5 -> 4447341 | D5: =B5/C5 -> 1.6905816 | E5: =pipeline!E5 -> 483716 | F5: =pipeline!F5 -> 0.109 | G5: =pipeline!G5 -> 438742 | H5: =pipeline!H5 -> 44974 | I5: =pipeline!I5 -> 7154972 | J5: =pipeline!M5 -> 2587504 | K5: =G5*2 -> 877484 | L5: =H5*3 -> 134922
A6: =pipeline!A6 -> hazards | B6: =pipeline!B6-pipeline!I6+pipeline!M6 -> 8996 | C6: =pipeline!C6 -> 6037 | D6: =B6/C6 -> 1.4901441 | E6: =pipeline!E6 -> 775 | F6: =pipeline!F6 -> 0.128 | G6: =pipeline!G6 -> 775 | H6: =pipeline!H6 -> 0 | I6: =pipeline!I6 -> 7224 | J6: =pipeline!M6 -> 2182 | K6: =G6*2 -> 1550 | L6: =H6*3 -> 0
A7: =pipeline!A7 -> simple | B7: =pipeline!B7-pipeline!I7+pipeline!M7 -> 66 | C7: =pipeline!C7 -> 48 | D7: =B7/C7 -> 1.375 | E7: =pipeline!E7 -> 3 | F7: =pipeline!F7 -> 0.062 | G7: =pipeline!G7 -> 3 | H7: =pipeline!H7 -> 0 | I7: =pipeline!I7 -> 60 | J7: =pipeline!M7 -> 11 | K7: =G7*2 -> 6 | L7: =H7*3 -> 0
A8: =pipeline!A8 -> pr_simple_qsort | B8: =pipeline!B8-pipeline!I8+pipeline!M8 -> 3576 | C8: =pipeline!C8 -> 2215 | D8: =B8/C8 -> 1.614447 | E8: =pipeline!E8 -> 191 | F8: =pipeline!F8 -> 0.086 | G8: =pipeline!G8 -> 137 | H8: =pipeline!H8 -> 54 | I8: =pipeline!I8 -> 2817 | J8: =pipeline!M8 -> 1168 | K8: =G8*2 -> 274 | L8: =H8*3 -> 162

Sheet fwd_br_unit_in_exe
A1: =forwarding!A1 -> test_name | B1: =forwarding!B1 -> cycles | C1: =forwarding!C1 -> instructions | D1: =forwarding!D1 -> cpi | E1: =forwarding!E1 -> jumps | F1: =forwarding!F1 -> jpi | G1: =forwarding!G1 -> jfid_hazards | H1: =forwarding!H1 -> jfexe_hazards | ... L1: =forwarding!L1 -> Jfexe cycle lost
A2: =forwarding!A2 -> pr_bubble_sort | B2: =forwarding!B2-forwarding!K2+K2 -> 2659 | C2: =forwarding!C2 -> 1492 | D2: =B2/C2 -> 1.7821716 | E2: =forwarding!E2 -> 119 | F2: =forwarding!F2 -> 0.08 | G2: =forwarding!G2 -> 101 | H2: =forwarding!H2 -> 18 | I2: =forwarding!I2 -> 2245 | J2: =forwarding!J2 -> 945 | K2: =G2*3 -> 303 | L2: =forwarding!L2 -> 54
A3: =forwarding!A3 -> check | B3: =forwarding!B3-forwarding!K3+K3 -> 161 | C3: =forwarding!C3 -> 111 | D3: =B3/C3 -> 1.4504505 | E3: =forwarding!E3 -> 19 | F3: =forwarding!F3 -> 0.171 | G3: =forwarding!G3 -> 19 | H3: =forwarding!H3 -> 0 | I3: =forwarding!I3 -> 73 | J3: =forwarding!J3 -> 8 | K3: =G3*3 -> 57 | L3: =forwarding!L3 -> 0
A4: =forwarding!A4 -> pr_complex_qsort | B4: =forwarding!B4-forwarding!K4+K4 -> 63282 | C4: =forwarding!C4 -> 36528 | D4: =B4/C4 -> 1.7324244 | E4: =forwarding!E4 -> 3167 | F4: =forwarding!F4 -> 0.087 | G4: =forwarding!G4 -> 2435 | H4: =forwarding!H4 -> 732 | I4: =forwarding!I4 -> 48366 | J4: =forwarding!J4 -> 21150 | K4: =G4*3 -> 7305 | L4: =forwarding!L4 -> 2196
A5: =forwarding!A5 -> pr_coremark | B5: =forwarding!B5-forwarding!K5+K5 -> 7957335 | C5: =forwarding!C5 -> 4447341 | D5: =B5/C5 -> 1.7892343 | E5: =forwarding!E5 -> 483716 | F5: =forwarding!F5 -> 0.109 | G5: =forwarding!G5 -> 438742 | H5: =forwarding!H5 -> 44974 | I5: =forwarding!I5 -> 7154972 | J5: =forwarding!J5 -> 2587504 | K5: =G5*3 -> 1316226 | L5: =forwarding!L5 -> 134922
A6: =forwarding!A6 -> hazards | B6: =forwarding!B6-forwarding!K6+K6 -> 9771 | C6: =forwarding!C6 -> 6037 | D6: =B6/C6 -> 1.6185191 | E6: =forwarding!E6 -> 775 | F6: =forwarding!F6 -> 0.128 | G6: =forwarding!G6 -> 775 | H6: =forwarding!H6 -> 0 | I6: =forwarding!I6 -> 7224 | J6: =forwarding!J6 -> 2182 | K6: =G6*3 -> 2325 | L6: =forwarding!L6 -> 0
A7: =forwarding!A7 -> simple | B7: =forwarding!B7-forwarding!K7+K7 -> 69 | C7: =forwarding!C7 -> 48 | D7: =B7/C7 -> 1.4375 | E7: =forwarding!E7 -> 3 | F7: =forwarding!F7 -> 0.062 | G7: =forwarding!G7 -> 3 | H7: =forwarding!H7 -> 0 | I7: =forwarding!I7 -> 60 | J7: =forwarding!J7 -> 11 | K7: =G7*3 -> 9 | L7: =forwarding!L7 -> 0
A8: =forwarding!A8 -> pr_simple_qsort | B8: =forwarding!B8-forwarding!K8+K8 -> 3713 | C8: =forwarding!C8 -> 2215 | D8: =B8/C8 -> 1.676298 | E8: =forwarding!E8 -> 191 | F8: =forwarding!F8 -> 0.086 | G8: =forwarding!G8 -> 137 | H8: =forwarding!H8 -> 54 | I8: =forwarding!I8 -> 2817 | J8: =forwarding!J8 -> 1168 | K8: =G8*3 -> 411 | L8: =forwarding!L8 -> 162

Sheet compare
A1: =forwarding!A1 -> test_name | B1: =forwarding!C1 -> instructions | C1: fwd_cycles | D1: br_in_ex_cycles | E1: fwd_cpi | F1: br_in_ex_cpi | G1: fwd_freq | H1: br_in_ex_freq | I1: fwd_mid_time | J1: br_in_ex_mid_time | K1: diff | L1: diff%
A2: =forwarding!A2 -> pr_bubble_sort | B2: =forwarding!C2 -> 1492 | C2: =forwarding!B2 -> 2558 | D2: =fwd_br_unit_in_exe!B2 -> 2659 | E2: =forwarding!D2 -> 1.7144772 | F2: =fwd_br_unit_in_exe!D2 -> 1.7821716 | G2: 127 | H2: 136 | I2: =G2/E2 -> 74.075059 | J2: =H2/F2 -> 76.311395 | K2: =I2-J2 -> -2.2363366 | L2: =K2/I2 -> -0.030190143
A3: =forwarding!A3 -> check | B3: =forwarding!C3 -> 111 | C3: =forwarding!B3 -> 142 | D3: =fwd_br_unit_in_exe!B3 -> 161 | E3: =forwarding!D3 -> 1.2792793 | F3: =fwd_br_unit_in_exe!D3 -> 1.4504505 | G3: 127 | H3: 136 | I3: =G3/E3 -> 99.274648 | J3: =H3/F3 -> 93.763975 | K3: =I3-J3 -> 5.5106727 | L3: =K3/I3 -> 0.055509366
A4: =forwarding!A4 -> pr_complex_qsort | B4: =forwarding!C4 -> 36528 | C4: =forwarding!B4 -> 60847 | D4: =fwd_br_unit_in_exe!B4 -> 63282 | E4: =forwarding!D4 -> 1.6657633 | F4: =fwd_br_unit_in_exe!D4 -> 1.7324244 | G4: 127 | H4: 136 | I4: =G4/E4 -> 76.241327 | J4: =H4/F4 -> 78.502702 | K4: =I4-J4 -> -2.2613756 | L4: =K4/I4 -> -0.029660759
A5: =forwarding!A5 -> pr_coremark | B5: =forwarding!C5 -> 4447341 | C5: =forwarding!B5 -> 7518593 | D5: =fwd_br_unit_in_exe!B5 -> 7957335 | E5: =forwarding!D5 -> 1.6905816 | F5: =fwd_br_unit_in_exe!D5 -> 1.7892343 | G5: 127 | H5: 136 | I5: =G5/E5 -> 75.122075 | J5: =H5/F5 -> 76.010169 | K5: =I5-J5 -> -0.88809376 | L5: =K5/I5 -> -0.011822008
A6: =forwarding!A6 -> hazards | B6: =forwarding!C6 -> 6037 | C6: =forwarding!B6 -> 8996 | D6: =fwd_br_unit_in_exe!B6 -> 9771 | E6: =forwarding!D6 -> 1.4901441 | F6: =fwd_br_unit_in_exe!D6 -> 1.6185191 | G6: 127 | H6: 136 | I6: =G6/E6 -> 85.226656 | J6: =H6/F6 -> 84.027428 | K6: =I6-J6 -> 1.1992282 | L6: =K6/I6 -> 0.014071046
A7: =forwarding!A7 -> simple | B7: =forwarding!C7 -> 48 | C7: =forwarding!B7 -> 66 | D7: =fwd_br_unit_in_exe!B7 -> 69 | E7: =forwarding!D7 -> 1.375 | F7: =fwd_br_unit_in_exe!D7 -> 1.4375 | G7: 127 | H7: 136 | I7: =G7/E7 -> 92.363636 | J7: =H7/F7 -> 94.608696 | K7: =I7-J7 -> -2.2450593 | L7: =K7/I7 -> -0.024306744
A8: =forwarding!A8 -> pr_simple_qsort | B8: =forwarding!C8 -> 2215 | C8: =forwarding!B8 -> 3576 | D8: =fwd_br_unit_in_exe!B8 -> 3713 | E8: =forwarding!D8 -> 1.614447 | F8: =fwd_br_unit_in_exe!D8 -> 1.676298 | G8: 127 | H8: 136 | I8: =G8/E8 -> 78.664709 | J8: =H8/F8 -> 81.131161 | K8: =I8-J8 -> -2.4664516 | L8: =K8/I8 -> -0.031353979
